{"cameraMode":{"drawMode":0,"name":"Shaded","section":"Shading Mode"},"sceneLighting":true,"audioPlay":false,"sceneViewState":{"showFog":false,"showMaterialUpdate":false,"showSkybox":false,"showFlares":false,"showImageEffects":false,"showParticleSystems":false},"in2DMode":false,"pivot":{"x":3.841864585876465,"y":-1.5253963470458985,"z":-7.716075897216797},"rotation":{"x":0.37090593576431277,"y":-0.19126145541667939,"z":0.07836791127920151,"w":0.9054001569747925},"size":26.35732078552246,"orthographic":false}