{"cameraMode":{"drawMode":0,"name":"Shaded","section":"Shading Mode"},"sceneLighting":true,"audioPlay":false,"sceneViewState":{"showFog":false,"showMaterialUpdate":false,"showSkybox":false,"showFlares":false,"showImageEffects":false,"showParticleSystems":false},"in2DMode":false,"pivot":{"x":2.08423113822937,"y":-85.35224151611328,"z":46.96912384033203},"rotation":{"x":0.5424239039421082,"y":0.0027893504593521358,"z":-0.0017815232276916504,"w":0.840125322341919},"size":60.231876373291019,"orthographic":false}