{"cameraMode":{"drawMode":0,"name":"Shaded","section":"Shading Mode"},"sceneLighting":false,"audioPlay":false,"sceneViewState":{"showFog":true,"showMaterialUpdate":false,"showSkybox":false,"showFlares":true,"showImageEffects":true,"showParticleSystems":true},"in2DMode":false,"pivot":{"x":-5.960464477539063e-8,"y":0.5061583518981934,"z":0.00014519691467285156},"rotation":{"x":-0.004974060691893101,"y":-0.9940156936645508,"z":0.05104515329003334,"w":-0.0966150239109993},"size":0.6396765112876892,"orthographic":false}